{"x": [[8.129032258064516, 3.676948051948052], [8.129032258064516, 3.676948051948052], [8.129032258064516, 3.7012987012987018], [8.129032258064516, 3.7012987012987018], [8.129032258064516, 3.7256493506493507], [8.129032258064516, 3.7743506493506493], [8.129032258064516, 3.823051948051948], [8.129032258064516, 3.8717532467532467], [8.129032258064516, 3.944805194805195], [8.129032258064516, 4.017857142857142], [8.11290322580645, 4.1152597402597415], [8.096774193548386, 4.310064935064936], [8.064516129032258, 4.431818181818182], [8.048387096774192, 4.553571428571429], [8.032258064516128, 4.650974025974026], [8.016129032258064, 4.772727272727273], [7.96774193548387, 5.016233766233766], [7.951612903225806, 5.089285714285715], [7.854838709677418, 5.430194805194805], [7.741935483870966, 5.698051948051949], [7.64516129032258, 5.917207792207794], [7.532258064516128, 6.185064935064936], [7.435483870967742, 6.379870129870131], [7.241935483870966, 6.79383116883117], [7.14516129032258, 6.964285714285715], [7.080645161290322, 7.15909090909091], [7.016129032258064, 7.329545454545455], [6.935483870967742, 7.573051948051949], [6.887096774193548, 7.743506493506494], [6.82258064516129, 7.913961038961039], [6.79032258064516, 8.084415584415586], [6.725806451612902, 8.352272727272728], [6.693548387096774, 8.474025974025976], [6.64516129032258, 8.66883116883117], [6.61290322580645, 8.741883116883118], [6.564516129032258, 8.887987012987015], [6.532258064516128, 8.961038961038962], [6.516129032258064, 8.985389610389612], [6.5, 9.00974025974026], [6.5, 9.03409090909091], [6.5, 9.03409090909091], [6.5, 9.05844155844156], [6.5, 9.05844155844156], [6.483870967741934, 9.107142857142858], [6.483870967741934, 9.107142857142858], [6.483870967741934, 9.107142857142858], [6.483870967741934, 9.131493506493507]], "x_dot": [[0.0, 0.0], [0.0, 0.012175324675324894], [0.0, 0.012175324675324894], [0.0, 0.01217532467532445], [0.0, 0.036525974025973795], [0.0, 0.04870129870129869], [0.0, 0.04870129870129869], [0.0, 0.060876623376623584], [0.0, 0.07305194805194781], [-0.008064516129032917, 0.08522727272727315], [-0.016129032258064946, 0.14610389610389696], [-0.024193548387096087, 0.15827922077922008], [-0.024193548387096975, 0.12175324675324628], [-0.016129032258064946, 0.10957792207792227], [-0.016129032258064058, 0.10957792207792227], [-0.032258064516129004, 0.18262987012986986], [-0.032258064516129004, 0.15827922077922096], [-0.05645161290322598, 0.20698051948051965], [-0.10483870967741993, 0.30438311688311703], [-0.10483870967741904, 0.24350649350649434], [-0.10483870967741904, 0.24350649350649345], [-0.10483870967741904, 0.23133116883116855], [-0.14516129032258096, 0.30438311688311703], [-0.14516129032258096, 0.29220779220779214], [-0.08064516129032206, 0.18262987012986986], [-0.06451612903225801, 0.18262987012986986], [-0.07258064516129004, 0.20698051948051965], [-0.06451612903225801, 0.20698051948051965], [-0.05645161290322598, 0.17045454545454497], [-0.04838709677419395, 0.17045454545454586], [-0.04838709677419395, 0.21915584415584455], [-0.04838709677419306, 0.19480519480519476], [-0.04032258064516103, 0.15827922077922096], [-0.04032258064516192, 0.13392857142857117], [-0.04032258064516103, 0.10957792207792227], [-0.04032258064516103, 0.10957792207792227], [-0.024193548387096975, 0.04870129870129869], [-0.016129032258064058, 0.0243506493506489], [-0.008064516129032029, 0.0243506493506489], [0.0, 0.012175324675324894], [0.0, 0.012175324675324894], [0.0, 0.012175324675324894], [-0.008064516129032917, 0.0243506493506489], [-0.008064516129032917, 0.0243506493506489], [0.0, 0.0], [0.0, 0.012175324675324894], [0.0, 0.02435064935064979]]}