{"x": [[8.209677419354838, 4.163961038961039], [8.209677419354838, 4.163961038961039], [8.209677419354838, 4.188311688311689], [8.193548387096774, 4.2857142857142865], [8.161290322580644, 4.358766233766234], [8.161290322580644, 4.383116883116884], [8.129032258064516, 4.480519480519481], [8.0, 4.8944805194805205], [7.935483870967742, 5.137987012987013], [7.903225806451612, 5.2353896103896105], [7.838709677419354, 5.576298701298702], [7.82258064516129, 5.625], [7.774193548387096, 5.8441558441558445], [7.758064516129032, 5.941558441558442], [7.64516129032258, 6.3311688311688314], [7.580645161290322, 6.599025974025976], [7.516129032258064, 6.7694805194805205], [7.370967741935482, 7.1103896103896105], [7.306451612903224, 7.280844155844157], [7.258064516129032, 7.402597402597404], [7.209677419354838, 7.52435064935065], [7.096774193548386, 7.743506493506494], [7.0, 7.987012987012989], [6.96774193548387, 8.060064935064936], [6.951612903225806, 8.060064935064936], [6.919354838709676, 8.157467532467534], [6.838709677419354, 8.303571428571429], [6.758064516129032, 8.425324675324676], [6.693548387096774, 8.522727272727273], [6.661290322580644, 8.595779220779221], [6.661290322580644, 8.595779220779221], [6.661290322580644, 8.62012987012987], [6.64516129032258, 8.62012987012987], [6.64516129032258, 8.62012987012987], [6.64516129032258, 8.62012987012987], [6.64516129032258, 8.62012987012987], [6.64516129032258, 8.64448051948052], [6.64516129032258, 8.64448051948052], [6.629032258064516, 8.66883116883117], [6.629032258064516, 8.66883116883117], [6.629032258064516, 8.66883116883117], [6.61290322580645, 8.693181818181818], [6.61290322580645, 8.693181818181818], [6.61290322580645, 8.717532467532468], [6.61290322580645, 8.717532467532468], [6.596774193548386, 8.717532467532468], [6.596774193548386, 8.741883116883118], [6.596774193548386, 8.741883116883118]], "x_dot": [[0.0, 0.0], [0.0, 0.012175324675324894], [-0.008064516129032029, 0.060876623376623584], [-0.024193548387096975, 0.08522727272727249], [-0.016129032258064946, 0.04870129870129869], [-0.016129032258064058, 0.060876623376623584], [-0.08064516129032206, 0.25568181818181834], [-0.09677419354838701, 0.32873376623376593], [-0.04838709677419395, 0.17045454545454497], [-0.04838709677419395, 0.21915584415584455], [-0.04032258064516103, 0.19480519480519476], [-0.032258064516129004, 0.13392857142857117], [-0.032258064516129004, 0.15827922077922096], [-0.06451612903225801, 0.24350649350649345], [-0.08870967741935498, 0.3287337662337668], [-0.06451612903225801, 0.21915584415584455], [-0.10483870967741993, 0.25568181818181746], [-0.10483870967741993, 0.25568181818181834], [-0.05645161290322509, 0.14610389610389696], [-0.04838709677419306, 0.12175324675324628], [-0.08064516129032295, 0.17045454545454497], [-0.10483870967741904, 0.23133116883116944], [-0.06451612903225801, 0.15827922077922096], [-0.024193548387096975, 0.036525974025973795], [-0.024193548387096975, 0.04870129870129869], [-0.05645161290322598, 0.12175324675324628], [-0.08064516129032206, 0.13392857142857117], [-0.07258064516129004, 0.10957792207792227], [-0.04838709677419395, 0.08522727272727249], [-0.016129032258064946, 0.036525974025973795], [0.0, 0.012175324675324894], [-0.008064516129032029, 0.012175324675324894], [-0.008064516129032029, 0.0], [0.0, 0.0], [0.0, 0.0], [0.0, 0.012175324675324894], [0.0, 0.012175324675324894], [-0.008064516129032029, 0.012175324675324894], [-0.008064516129032029, 0.012175324675324894], [0.0, 0.0], [-0.008064516129032917, 0.012175324675324006], [-0.008064516129032917, 0.012175324675324006], [0.0, 0.012175324675324894], [0.0, 0.012175324675324894], [-0.008064516129032029, 0.0], [-0.008064516129032029, 0.012175324675324894], [0.0, 0.012175324675324894], [0.0, 0.0]]}