{"x": [[0.9838709677419355, 0.6574675324675328], [0.9838709677419355, 0.6574675324675328], [1.0, 0.7061688311688314], [1.0806451612903225, 0.8522727272727275], [1.2096774193548385, 1.1201298701298703], [1.2741935483870965, 1.241883116883117], [1.354838709677419, 1.3636363636363638], [1.419354838709677, 1.4610389610389611], [1.5161290322580645, 1.5584415584415585], [1.5967741935483866, 1.6314935064935066], [1.6774193548387095, 1.7045454545454546], [1.7419354838709675, 1.7532467532467533], [1.8064516129032255, 1.777597402597403], [1.8870967741935485, 1.8019480519480524], [1.9193548387096775, 1.8019480519480524], [1.9838709677419355, 1.8019480519480524], [2.0322580645161286, 1.8019480519480524], [2.1451612903225805, 1.8019480519480524], [2.6290322580645156, 1.948051948051948], [2.7419354838709675, 1.9967532467532467], [2.9193548387096775, 2.069805194805195], [2.9999999999999996, 2.118506493506494], [3.0806451612903225, 2.1672077922077926], [3.1612903225806446, 2.2159090909090913], [3.2419354838709675, 2.26461038961039], [3.4032258064516125, 2.3620129870129873], [3.5161290322580645, 2.435064935064935], [3.7258064516129026, 2.532467532467533], [3.8387096774193545, 2.581168831168832], [3.9193548387096775, 2.6542207792207795], [3.9999999999999996, 2.702922077922078], [4.14516129032258, 2.8246753246753253], [4.29032258064516, 2.9707792207792214], [4.35483870967742, 3.043831168831169], [4.419354838709678, 3.1168831168831175], [4.483870967741936, 3.189935064935065], [4.629032258064516, 3.4090909090909096], [4.67741935483871, 3.482142857142857], [4.758064516129032, 3.5795454545454546], [4.79032258064516, 3.6282467532467533], [4.79032258064516, 3.6282467532467533]], "x_dot": [[0.0, 0.0], [0.008064516129032251, 0.024350649350649345], [0.048387096774193505, 0.09740259740259738], [0.10483870967741926, 0.20698051948051943], [0.09677419354838701, 0.19480519480519476], [0.07258064516129026, 0.12175324675324672], [0.07258064516129026, 0.10957792207792205], [0.08064516129032273, 0.09740259740259738], [0.08870967741935476, 0.08522727272727271], [0.08064516129032251, 0.07305194805194803], [0.07258064516129048, 0.06087662337662336], [0.06451612903225801, 0.03652597402597424], [0.07258064516129048, 0.024350649350649567], [0.05645161290322598, 0.012175324675324672], [0.048387096774193505, 0.0], [0.056451612903225534, 0.0], [0.08064516129032251, 0.0], [0.2983870967741935, 0.07305194805194781], [0.2983870967741935, 0.09740259740259716], [0.14516129032258096, 0.060876623376623584], [0.12903225806451601, 0.060876623376623584], [0.08064516129032251, 0.04870129870129869], [0.08064516129032251, 0.04870129870129869], [0.08064516129032251, 0.04870129870129869], [0.12096774193548399, 0.07305194805194803], [0.1370967741935485, 0.08522727272727249], [0.16129032258064502, 0.08522727272727293], [0.16129032258064502, 0.07305194805194848], [0.09677419354838745, 0.06087662337662314], [0.08064516129032251, 0.06087662337662314], [0.11290322580645129, 0.08522727272727293], [0.1451612903225803, 0.13392857142857162], [0.10483870967741993, 0.10957792207792183], [0.0645161290322589, 0.07305194805194803], [0.06451612903225801, 0.07305194805194803], [0.10483870967741904, 0.14610389610389607], [0.09677419354838701, 0.14610389610389607], [0.06451612903225801, 0.08522727272727249], [0.05645161290322509, 0.07305194805194803], [0.016129032258064058, 0.024350649350649345], [0.0, 0.0]]}