{"x": [[4.96774193548387, 3.530844155844156], [4.983870967741936, 3.530844155844156], [5.080645161290322, 3.530844155844156], [5.274193548387096, 3.530844155844156], [5.403225806451612, 3.530844155844156], [5.548387096774194, 3.5551948051948057], [5.725806451612902, 3.5551948051948057], [5.919354838709676, 3.5795454545454546], [6.161290322580644, 3.5795454545454546], [6.435483870967742, 3.5795454545454546], [6.725806451612902, 3.5795454545454546], [7.032258064516128, 3.5795454545454546], [7.677419354838708, 3.6282467532467533], [8.0, 3.6282467532467533], [8.596774193548386, 3.676948051948052], [8.838709677419354, 3.7012987012987018], [9.209677419354838, 3.7500000000000004], [9.338709677419354, 3.7500000000000004], [9.5, 3.798701298701299], [9.564516129032258, 3.823051948051948], [9.61290322580645, 3.847402597402598], [9.61290322580645, 3.847402597402598], [9.661290322580644, 3.8717532467532467], [9.693548387096774, 3.8961038961038965], [9.79032258064516, 3.969155844155844], [9.838709677419354, 3.993506493506494], [9.887096774193548, 4.017857142857142], [9.951612903225806, 4.066558441558442], [10.016129032258064, 4.090909090909092], [10.064516129032258, 4.1152597402597415], [10.225806451612902, 4.212662337662339], [10.258064516129032, 4.237012987012987], [10.306451612903224, 4.261363636363637], [10.306451612903224, 4.261363636363637]], "x_dot": [[0.016129032258065834, 0.0], [0.05645161290322598, 0.0], [0.14516129032258007, 0.0], [0.16129032258064502, 0.0], [0.13709677419354893, 0.012175324675324894], [0.16129032258064502, 0.012175324675324894], [0.1854838709677411, 0.01217532467532445], [0.217741935483871, 0.01217532467532445], [0.2580645161290329, 0.0], [0.282258064516129, 0.0], [0.29838709677419306, 0.0], [0.475806451612903, 0.024350649350649345], [0.48387096774193594, 0.024350649350649345], [0.45967741935483897, 0.024350649350649345], [0.41935483870967705, 0.03652597402597424], [0.306451612903226, 0.03652597402597424], [0.25, 0.024350649350649345], [0.14516129032258096, 0.024350649350649345], [0.11290322580645196, 0.036525974025973795], [0.05645161290322509, 0.024350649350649345], [0.024193548387096087, 0.012175324675324894], [0.024193548387096975, 0.01217532467532445], [0.04032258064516192, 0.024350649350649345], [0.06451612903225801, 0.04870129870129869], [0.07258064516129004, 0.04870129870129869], [0.04838709677419395, 0.024350649350649123], [0.05645161290322598, 0.03652597402597402], [0.06451612903225801, 0.03652597402597468], [0.05645161290322598, 0.02435064935064979], [0.10483870967741904, 0.060876623376623584], [0.09677419354838701, 0.060876623376622696], [0.04032258064516103, 0.0243506493506489], [0.024193548387096087, 0.012175324675324894], [0.0, 0.0]]}