{"x": [[5.0, 3.652597402597403], [5.0, 3.652597402597403], [5.0, 3.652597402597403], [5.032258064516128, 3.652597402597403], [5.080645161290322, 3.652597402597403], [5.32258064516129, 3.652597402597403], [5.516129032258064, 3.6282467532467533], [6.080645161290322, 3.6282467532467533], [6.419354838709676, 3.6038961038961044], [7.177419354838708, 3.6038961038961044], [7.564516129032258, 3.6038961038961044], [8.338709677419354, 3.6282467532467533], [8.677419354838708, 3.6282467532467533], [9.016129032258064, 3.6282467532467533], [9.32258064516129, 3.6282467532467533], [9.596774193548386, 3.652597402597403], [9.838709677419354, 3.676948051948052], [10.032258064516128, 3.676948051948052], [10.193548387096774, 3.7012987012987018], [10.338709677419354, 3.7500000000000004], [10.354838709677418, 3.7743506493506493], [10.354838709677418, 3.7743506493506493], [10.354838709677418, 3.7743506493506493], [10.354838709677418, 3.7743506493506493], [10.354838709677418, 3.798701298701299], [10.370967741935482, 3.798701298701299], [10.370967741935482, 3.823051948051948], [10.403225806451612, 3.847402597402598], [10.419354838709676, 3.8717532467532467], [10.451612903225806, 3.9204545454545454], [10.451612903225806, 3.9204545454545454], [10.46774193548387, 3.944805194805195], [10.46774193548387, 3.944805194805195], [10.46774193548387, 3.944805194805195], [10.483870967741934, 3.944805194805195], [10.483870967741934, 3.944805194805195], [10.483870967741934, 3.969155844155844], [10.483870967741934, 3.969155844155844], [10.483870967741934, 3.969155844155844], [10.483870967741934, 3.969155844155844], [10.483870967741934, 3.969155844155844]], "x_dot": [[0.0, 0.0], [0.0, 0.0], [0.016129032258064058, 0.0], [0.04032258064516103, 0.0], [0.14516129032258096, 0.0], [0.217741935483871, -0.012175324675324894], [0.379032258064516, -0.012175324675324894], [0.45161290322580605, -0.01217532467532445], [0.5483870967741931, -0.01217532467532445], [0.5725806451612909, 0.0], [0.580645161290323, 0.01217532467532445], [0.5564516129032251, 0.01217532467532445], [0.338709677419355, 0.0], [0.3225806451612909, 0.0], [0.29032258064516103, 0.012175324675324894], [0.25806451612903203, 0.024350649350649345], [0.217741935483871, 0.01217532467532445], [0.17741935483870996, 0.012175324675324894], [0.153225806451613, 0.03652597402597424], [0.08064516129032206, 0.036525974025973795], [0.008064516129032029, 0.01217532467532445], [0.0, 0.0], [0.0, 0.0], [0.0, 0.012175324675324894], [0.008064516129032029, 0.012175324675324894], [0.008064516129032029, 0.01217532467532445], [0.016129032258064946, 0.024350649350649345], [0.024193548387096975, 0.024350649350649345], [0.024193548387096975, 0.036525974025973795], [0.016129032258064946, 0.024350649350649345], [0.008064516129032029, 0.012175324675324894], [0.008064516129032029, 0.012175324675324894], [0.0, 0.0], [0.008064516129032029, 0.0], [0.008064516129032029, 0.0], [0.0, 0.01217532467532445], [0.0, 0.01217532467532445], [0.0, 0.0], [0.0, 0.0], [0.0, 0.0], [0.0, 0.0]]}