{"x": [[5.064516129032258, 3.6282467532467533], [5.080645161290322, 3.6282467532467533], [5.080645161290322, 3.6282467532467533], [5.14516129032258, 3.6282467532467533], [5.403225806451612, 3.6282467532467533], [5.580645161290322, 3.6282467532467533], [5.887096774193548, 3.6282467532467533], [6.129032258064516, 3.6282467532467533], [6.370967741935484, 3.6282467532467533], [6.983870967741934, 3.6282467532467533], [7.306451612903224, 3.6282467532467533], [7.951612903225806, 3.6282467532467533], [8.564516129032258, 3.6282467532467533], [8.854838709677418, 3.6282467532467533], [9.354838709677418, 3.6282467532467533], [9.725806451612902, 3.6282467532467533], [9.887096774193548, 3.6282467532467533], [10.064516129032258, 3.6282467532467533], [10.14516129032258, 3.6282467532467533], [10.274193548387096, 3.7012987012987018], [10.306451612903224, 3.7256493506493507], [10.354838709677418, 3.7500000000000004], [10.403225806451612, 3.7743506493506493], [10.46774193548387, 3.823051948051948], [10.5, 3.823051948051948], [10.516129032258064, 3.847402597402598], [10.532258064516128, 3.847402597402598], [10.548387096774192, 3.8717532467532467], [10.564516129032258, 3.8717532467532467], [10.564516129032258, 3.8961038961038965], [10.580645161290322, 3.8961038961038965], [10.596774193548386, 3.9204545454545454], [10.61290322580645, 3.9204545454545454], [10.64516129032258, 3.944805194805195], [10.64516129032258, 3.969155844155844], [10.64516129032258, 3.969155844155844], [10.64516129032258, 3.969155844155844]], "x_dot": [[0.016129032258064058, 0.0], [0.008064516129032029, 0.0], [0.032258064516129004, 0.0], [0.16129032258064502, 0.0], [0.217741935483871, 0.0], [0.24193548387096797, 0.0], [0.274193548387097, 0.0], [0.24193548387096797, 0.0], [0.4274193548387091, 0.0], [0.4677419354838701, 0.0], [0.48387096774193594, 0.0], [0.6290322580645169, 0.0], [0.45161290322580605, 0.0], [0.39516129032258007, 0.0], [0.435483870967742, 0.0], [0.26612903225806495, 0.0], [0.16935483870967794, 0.0], [0.12903225806451601, 0.0], [0.10483870967741904, 0.03652597402597424], [0.08064516129032206, 0.04870129870129869], [0.04032258064516103, 0.024350649350649345], [0.04838709677419395, 0.024350649350649345], [0.05645161290322598, 0.036525974025973795], [0.04838709677419395, 0.024350649350649345], [0.024193548387096975, 0.012175324675324894], [0.016129032258064058, 0.012175324675324894], [0.016129032258064058, 0.01217532467532445], [0.016129032258064946, 0.01217532467532445], [0.008064516129032917, 0.012175324675324894], [0.008064516129032029, 0.012175324675324894], [0.016129032258064058, 0.01217532467532445], [0.016129032258064058, 0.01217532467532445], [0.024193548387096975, 0.012175324675324894], [0.016129032258064946, 0.024350649350649345], [0.0, 0.01217532467532445], [0.0, 0.0], [0.0, 0.0]]}