{"x": [[4.983870967741936, 3.506493506493507], [4.983870967741936, 3.506493506493507], [5.016129032258064, 3.506493506493507], [5.258064516129032, 3.506493506493507], [5.5, 3.506493506493507], [5.903225806451612, 3.506493506493507], [6.161290322580644, 3.506493506493507], [6.435483870967742, 3.506493506493507], [6.725806451612902, 3.506493506493507], [7.016129032258064, 3.506493506493507], [7.32258064516129, 3.506493506493507], [7.596774193548386, 3.506493506493507], [8.11290322580645, 3.5551948051948057], [8.516129032258064, 3.6038961038961044], [8.677419354838708, 3.6282467532467533], [8.82258064516129, 3.6282467532467533], [8.951612903225806, 3.652597402597403], [9.225806451612902, 3.7012987012987018], [9.306451612903224, 3.7012987012987018], [9.43548387096774, 3.7256493506493507], [9.483870967741934, 3.7500000000000004], [9.564516129032258, 3.7743506493506493], [9.596774193548386, 3.7743506493506493], [9.64516129032258, 3.798701298701299], [9.725806451612902, 3.847402597402598], [9.774193548387096, 3.8717532467532467], [9.854838709677418, 3.8961038961038965], [9.870967741935482, 3.8961038961038965], [9.903225806451612, 3.9204545454545454], [9.919354838709676, 3.944805194805195], [9.93548387096774, 3.944805194805195], [9.96774193548387, 3.969155844155844], [9.983870967741934, 3.993506493506494], [10.11290322580645, 4.042207792207792], [10.193548387096774, 4.066558441558442], [10.258064516129032, 4.090909090909092], [10.32258064516129, 4.090909090909092], [10.387096774193548, 4.1152597402597415], [10.451612903225806, 4.1396103896103895], [10.5, 4.1396103896103895], [10.5, 4.1396103896103895], [10.516129032258064, 4.1396103896103895], [10.532258064516128, 4.1396103896103895], [10.532258064516128, 4.1396103896103895], [10.532258064516128, 4.1396103896103895], [10.564516129032258, 4.163961038961039], [10.580645161290322, 4.163961038961039], [10.580645161290322, 4.163961038961039], [10.596774193548386, 4.163961038961039], [10.596774193548386, 4.188311688311689], [10.61290322580645, 4.188311688311689], [10.61290322580645, 4.188311688311689], [10.61290322580645, 4.188311688311689]], "x_dot": [[0.0, 0.0], [0.016129032258064058, 0.0], [0.13709677419354804, 0.0], [0.24193548387096797, 0.0], [0.32258064516129004, 0.0], [0.33064516129032206, 0.0], [0.26612903225806495, 0.0], [0.282258064516129, 0.0], [0.29032258064516103, 0.0], [0.29838709677419395, 0.0], [0.29032258064516103, 0.0], [0.39516129032258007, 0.024350649350649345], [0.45967741935483897, 0.04870129870129869], [0.282258064516129, 0.036525974025973795], [0.153225806451613, 0.01217532467532445], [0.13709677419354893, 0.012175324675324894], [0.20161290322580605, 0.03652597402597424], [0.17741935483870908, 0.024350649350649345], [0.10483870967741904, 0.01217532467532445], [0.08870967741935498, 0.024350649350649345], [0.0645161290322589, 0.024350649350649345], [0.05645161290322598, 0.01217532467532445], [0.04032258064516103, 0.012175324675324894], [0.06451612903225801, 0.03652597402597424], [0.06451612903225801, 0.036525974025973795], [0.06451612903225801, 0.024350649350649345], [0.04838709677419306, 0.012175324675324894], [0.024193548387096975, 0.01217532467532445], [0.024193548387096975, 0.024350649350649345], [0.016129032258064058, 0.012175324675324894], [0.024193548387096975, 0.01217532467532445], [0.024193548387096975, 0.024350649350649345], [0.07258064516129004, 0.03652597402597402], [0.10483870967741993, 0.03652597402597402], [0.07258064516129092, 0.02435064935064979], [0.06451612903225801, 0.012175324675324894], [0.06451612903225801, 0.012175324675324894], [0.06451612903225801, 0.0243506493506489], [0.05645161290322598, 0.012175324675324006], [0.024193548387096975, 0.0], [0.008064516129032029, 0.0], [0.016129032258064058, 0.0], [0.008064516129032029, 0.0], [0.0, 0.0], [0.016129032258064946, 0.012175324675324894], [0.024193548387096975, 0.012175324675324894], [0.008064516129032029, 0.0], [0.008064516129032029, 0.0], [0.008064516129032029, 0.012175324675324894], [0.008064516129032029, 0.012175324675324894], [0.008064516129032029, 0.0], [0.0, 0.0], [0.0, 0.0]]}