{"x": [[5.096774193548386, 6.818181818181818], [5.096774193548386, 6.842532467532468], [5.096774193548386, 6.842532467532468], [5.096774193548386, 6.891233766233768], [5.096774193548386, 6.9399350649350655], [5.080645161290322, 7.061688311688313], [5.064516129032258, 7.15909090909091], [5.032258064516128, 7.256493506493507], [5.0, 7.426948051948052], [4.96774193548387, 7.621753246753247], [4.919354838709678, 7.816558441558442], [4.82258064516129, 8.230519480519481], [4.79032258064516, 8.376623376623378], [4.741935483870968, 8.595779220779221], [4.709677419354838, 8.741883116883118], [4.661290322580644, 8.912337662337663], [4.596774193548386, 9.107142857142858], [4.532258064516128, 9.277597402597404], [4.32258064516129, 9.642857142857144], [4.225806451612902, 9.813311688311689], [4.129032258064516, 9.983766233766234], [4.032258064516128, 10.15422077922078], [3.8709677419354835, 10.422077922077923], [3.7741935483870965, 10.54383116883117], [3.6935483870967736, 10.665584415584417], [3.6290322580645156, 10.762987012987015], [3.4838709677419355, 10.95779220779221], [3.3870967741935485, 11.030844155844157], [3.1774193548387095, 11.225649350649352], [3.0967741935483866, 11.27435064935065], [3.0161290322580645, 11.32305194805195], [2.9354838709677415, 11.371753246753247], [2.8870967741935485, 11.396103896103897], [2.8548387096774195, 11.420454545454547], [2.8225806451612905, 11.444805194805197], [2.7741935483870965, 11.493506493506494], [2.7419354838709675, 11.517857142857144], [2.6774193548387095, 11.566558441558442], [2.5967741935483866, 11.66396103896104], [2.5322580645161286, 11.737012987012989], [2.4838709677419355, 11.785714285714286], [2.4354838709677415, 11.834415584415586], [2.3709677419354835, 11.907467532467534], [2.2741935483870965, 12.05357142857143], [2.2096774193548385, 12.150974025974028], [2.0322580645161286, 12.37012987012987], [1.9354838709677415, 12.467532467532468], [1.8387096774193545, 12.613636363636365], [1.7419354838709675, 12.711038961038962], [1.6774193548387095, 12.83279220779221], [1.6129032258064515, 12.930194805194807], [1.564516129032258, 13.003246753246755], [1.5, 13.100649350649352], [1.4838709677419355, 13.14935064935065], [1.4516129032258065, 13.19805194805195], [1.419354838709677, 13.246753246753247], [1.354838709677419, 13.295454545454547], [1.3387096774193545, 13.344155844155845], [1.32258064516129, 13.344155844155845], [1.32258064516129, 13.344155844155845]], "x_dot": [[0.0, 0.02435064935064979], [0.0, 0.012175324675324894], [0.0, 0.02435064935064979], [0.0, 0.04870129870129869], [-0.008064516129032029, 0.08522727272727249], [-0.016129032258064058, 0.10957792207792227], [-0.024193548387096975, 0.09740259740259738], [-0.032258064516129004, 0.13392857142857117], [-0.032258064516129004, 0.18262987012986986], [-0.04032258064516103, 0.19480519480519476], [-0.07258064516129004, 0.30438311688311703], [-0.0645161290322589, 0.28003246753246813], [-0.04032258064516103, 0.18262987012986986], [-0.04032258064516103, 0.18262987012986986], [-0.04032258064516192, 0.15827922077922096], [-0.05645161290322598, 0.18262987012986986], [-0.06451612903225801, 0.18262987012987075], [-0.13709677419354804, 0.26785714285714324], [-0.153225806451613, 0.26785714285714235], [-0.09677419354838701, 0.17045454545454497], [-0.09677419354838701, 0.17045454545454586], [-0.12903225806451624, 0.21915584415584455], [-0.1290322580645158, 0.19480519480519476], [-0.08870967741935498, 0.12175324675324717], [-0.07258064516129048, 0.10957792207792227], [-0.10483870967741904, 0.14610389610389607], [-0.12096774193548354, 0.13392857142857117], [-0.153225806451613, 0.13392857142857117], [-0.14516129032258096, 0.12175324675324628], [-0.08064516129032251, 0.04870129870129869], [-0.08064516129032251, 0.04870129870129869], [-0.06451612903225801, 0.036525974025973795], [-0.04032258064516103, 0.02435064935064979], [-0.032258064516129004, 0.02435064935064979], [-0.04032258064516148, 0.036525974025973795], [-0.04032258064516148, 0.036525974025973795], [-0.048387096774193505, 0.036525974025973795], [-0.07258064516129048, 0.07305194805194759], [-0.07258064516129048, 0.08522727272727337], [-0.056451612903225534, 0.060876623376623584], [-0.048387096774193505, 0.04870129870129869], [-0.05645161290322598, 0.060876623376623584], [-0.08064516129032251, 0.10957792207792227], [-0.08064516129032251, 0.12175324675324717], [-0.12096774193548399, 0.15827922077922008], [-0.1370967741935485, 0.15827922077922008], [-0.09677419354838701, 0.12175324675324717], [-0.09677419354838701, 0.12175324675324717], [-0.08064516129032251, 0.10957792207792227], [-0.06451612903225801, 0.10957792207792227], [-0.056451612903225756, 0.08522727272727249], [-0.056451612903225756, 0.08522727272727249], [-0.040322580645161255, 0.07305194805194759], [-0.024193548387096753, 0.04870129870129869], [-0.032258064516129226, 0.04870129870129869], [-0.04838709677419373, 0.04870129870129869], [-0.040322580645161255, 0.04870129870129869], [-0.016129032258064502, 0.0243506493506489], [-0.008064516129032251, 0.0], [0.0, 0.0]]}