{"x": [[9.725806451612902, 9.764610389610391], [9.725806451612902, 9.764610389610391], [9.725806451612902, 9.764610389610391], [9.806451612903224, 9.78896103896104], [10.032258064516128, 9.862012987012989], [10.177419354838708, 9.910714285714286], [10.532258064516128, 10.032467532467534], [10.741935483870966, 10.105519480519481], [10.951612903225806, 10.178571428571429], [11.161290322580644, 10.251623376623378], [11.629032258064516, 10.324675324675326], [12.064516129032258, 10.397727272727273], [12.258064516129032, 10.397727272727273], [12.596774193548386, 10.422077922077923], [12.919354838709676, 10.422077922077923], [12.983870967741934, 10.422077922077923], [13.048387096774192, 10.397727272727273], [13.080645161290322, 10.373376623376625], [13.11290322580645, 10.373376623376625], [13.14516129032258, 10.373376623376625], [13.193548387096774, 10.373376623376625], [13.258064516129032, 10.373376623376625], [13.387096774193548, 10.373376623376625], [13.451612903225806, 10.373376623376625], [13.499999999999998, 10.397727272727273], [13.564516129032256, 10.397727272727273], [13.67741935483871, 10.470779220779223], [13.806451612903226, 10.51948051948052], [13.870967741935482, 10.54383116883117], [13.999999999999998, 10.616883116883118], [14.048387096774194, 10.616883116883118], [14.080645161290322, 10.641233766233768], [14.11290322580645, 10.665584415584417], [14.17741935483871, 10.714285714285715], [14.193548387096774, 10.714285714285715], [14.209677419354838, 10.738636363636365], [14.25806451612903, 10.762987012987015], [14.290322580645162, 10.787337662337663], [14.290322580645162, 10.787337662337663], [14.32258064516129, 10.787337662337663], [14.338709677419354, 10.787337662337663], [14.338709677419354, 10.811688311688313], [14.338709677419354, 10.811688311688313], [14.354838709677418, 10.811688311688313]], "x_dot": [[0.0, 0.0], [0.0, 0.0], [0.04032258064516103, 0.012175324675324006], [0.153225806451613, 0.04870129870129869], [0.185483870967742, 0.060876623376623584], [0.25, 0.08522727272727249], [0.282258064516129, 0.09740259740259738], [0.20967741935483897, 0.07305194805194759], [0.20967741935483897, 0.07305194805194848], [0.338709677419355, 0.07305194805194848], [0.45161290322580694, 0.07305194805194759], [0.314516129032258, 0.036525974025973795], [0.26612903225806406, 0.012175324675324894], [0.33064516129032206, 0.012175324675324894], [0.19354838709677402, 0.0], [0.06451612903225801, -0.012175324675324894], [0.04838709677419395, -0.0243506493506489], [0.032258064516129004, -0.012175324675324006], [0.032258064516129004, 0.0], [0.04032258064516192, 0.0], [0.05645161290322598, 0.0], [0.09677419354838701, 0.0], [0.09677419354838701, 0.0], [0.05645161290322509, 0.012175324675324006], [0.05645161290322509, 0.012175324675324006], [0.08870967741935587, 0.03652597402597468], [0.12096774193548487, 0.060876623376623584], [0.09677419354838612, 0.036525974025973795], [0.09677419354838612, 0.04870129870129869], [0.08870967741935587, 0.036525974025973795], [0.04032258064516192, 0.012175324675324894], [0.032258064516128115, 0.02435064935064979], [0.04838709677419395, 0.036525974025973795], [0.04032258064516192, 0.0243506493506489], [0.016129032258064058, 0.012175324675324894], [0.032258064516128115, 0.02435064935064979], [0.04032258064516192, 0.0243506493506489], [0.016129032258065834, 0.012175324675324006], [0.016129032258064058, 0.0], [0.024193548387096087, 0.0], [0.008064516129032029, 0.012175324675324894], [0.0, 0.012175324675324894], [0.008064516129032029, 0.0], [0.016129032258064058, 0.0]]}