{"x": [[9.548387096774192, 9.350649350649352], [9.548387096774192, 9.350649350649352], [9.548387096774192, 9.375000000000002], [9.564516129032258, 9.375000000000002], [9.661290322580644, 9.4237012987013], [9.661290322580644, 9.4237012987013], [9.725806451612902, 9.4724025974026], [9.919354838709676, 9.594155844155845], [10.177419354838708, 9.740259740259742], [10.354838709677418, 9.837662337662339], [10.61290322580645, 9.959415584415586], [10.774193548387096, 10.032467532467534], [11.11290322580645, 10.15422077922078], [11.274193548387096, 10.178571428571429], [11.419354838709676, 10.202922077922079], [11.564516129032258, 10.227272727272728], [11.82258064516129, 10.227272727272728], [11.93548387096774, 10.227272727272728], [12.096774193548386, 10.227272727272728], [12.193548387096774, 10.227272727272728], [12.419354838709676, 10.227272727272728], [12.532258064516128, 10.227272727272728], [12.629032258064516, 10.227272727272728], [12.741935483870966, 10.227272727272728], [12.93548387096774, 10.251623376623378], [13.032258064516128, 10.251623376623378], [13.129032258064516, 10.275974025974026], [13.225806451612902, 10.324675324675326], [13.403225806451612, 10.373376623376625], [13.61290322580645, 10.422077922077923], [13.725806451612902, 10.470779220779223], [13.790322580645162, 10.49512987012987], [13.854838709677418, 10.51948051948052], [13.951612903225806, 10.592532467532468], [13.983870967741934, 10.616883116883118], [13.983870967741934, 10.641233766233768], [13.999999999999998, 10.641233766233768], [14.032258064516126, 10.665584415584417], [14.064516129032258, 10.689935064935066], [14.096774193548386, 10.738636363636365], [14.145161290322578, 10.787337662337663], [14.225806451612902, 10.860389610389612], [14.25806451612903, 10.90909090909091], [14.290322580645162, 10.93344155844156], [14.32258064516129, 11.006493506493507], [14.354838709677418, 11.055194805194807], [14.40322580645161, 11.128246753246755], [14.40322580645161, 11.128246753246755], [14.419354838709678, 11.152597402597404], [14.46774193548387, 11.201298701298702], [14.46774193548387, 11.201298701298702], [14.483870967741934, 11.201298701298702], [14.483870967741934, 11.225649350649352], [14.483870967741934, 11.225649350649352], [14.483870967741934, 11.250000000000002]], "x_dot": [[0.0, 0.0], [0.0, 0.012175324675324894], [0.008064516129032917, 0.012175324675324894], [0.05645161290322598, 0.0243506493506489], [0.04838709677419306, 0.0243506493506489], [0.032258064516129004, 0.02435064935064979], [0.12903225806451601, 0.08522727272727249], [0.22580645161290303, 0.13392857142857117], [0.217741935483871, 0.12175324675324717], [0.217741935483871, 0.10957792207792227], [0.20967741935483897, 0.09740259740259738], [0.25, 0.09740259740259738], [0.25, 0.07305194805194759], [0.153225806451613, 0.0243506493506489], [0.14516129032258096, 0.02435064935064979], [0.20161290322580694, 0.012175324675324894], [0.1854838709677411, 0.0], [0.13709677419354804, 0.0], [0.1290322580645169, 0.0], [0.16129032258064502, 0.0], [0.16935483870967705, 0.0], [0.10483870967741993, 0.0], [0.10483870967741904, 0.0], [0.1532258064516121, 0.012175324675324894], [0.14516129032258096, 0.012175324675324894], [0.0967741935483879, 0.012175324675324006], [0.09677419354838701, 0.036525974025973795], [0.13709677419354804, 0.04870129870129958], [0.19354838709677402, 0.04870129870129869], [0.16129032258064502, 0.04870129870129869], [0.08870967741935587, 0.036525974025973795], [0.06451612903225801, 0.0243506493506489], [0.08064516129032206, 0.04870129870129869], [0.06451612903225801, 0.04870129870129869], [0.016129032258064058, 0.02435064935064979], [0.008064516129032029, 0.012175324675324894], [0.024193548387096087, 0.012175324675324894], [0.03225806451612989, 0.0243506493506489], [0.03225806451612989, 0.036525974025973795], [0.040322580645160144, 0.04870129870129869], [0.06451612903225801, 0.060876623376623584], [0.05645161290322598, 0.060876623376623584], [0.03225806451612989, 0.036525974025973795], [0.03225806451612989, 0.04870129870129869], [0.032258064516128115, 0.060876623376623584], [0.040322580645160144, 0.060876623376623584], [0.024193548387096087, 0.036525974025973795], [0.008064516129033805, 0.012175324675324894], [0.03225806451612989, 0.036525974025973795], [0.024193548387096087, 0.0243506493506489], [0.008064516129032029, 0.0], [0.008064516129032029, 0.012175324675324894], [0.0, 0.012175324675324894], [0.0, 0.012175324675324894], [0.0, 0.02435064935064979]]}