{"x": [[9.580645161290322, 9.521103896103897], [9.580645161290322, 9.545454545454547], [9.580645161290322, 9.545454545454547], [9.629032258064516, 9.569805194805197], [9.677419354838708, 9.594155844155845], [9.677419354838708, 9.594155844155845], [9.758064516129032, 9.618506493506494], [10.064516129032258, 9.740259740259742], [10.241935483870966, 9.764610389610391], [10.451612903225806, 9.78896103896104], [10.677419354838708, 9.813311688311689], [11.177419354838708, 9.862012987012989], [11.43548387096774, 9.862012987012989], [11.903225806451612, 9.910714285714286], [12.096774193548386, 9.910714285714286], [12.258064516129032, 9.935064935064936], [12.451612903225806, 9.935064935064936], [12.548387096774192, 9.935064935064936], [12.564516129032258, 9.935064935064936], [12.580645161290322, 9.910714285714286], [12.596774193548386, 9.910714285714286], [12.64516129032258, 9.910714285714286], [12.693548387096774, 9.910714285714286], [12.741935483870966, 9.910714285714286], [12.903225806451612, 9.935064935064936], [12.999999999999998, 9.959415584415586], [13.354838709677418, 9.959415584415586], [13.403225806451612, 9.959415584415586], [13.564516129032256, 9.959415584415586], [13.725806451612902, 9.959415584415586], [14.016129032258062, 10.008116883116884], [14.17741935483871, 10.056818181818183], [14.225806451612902, 10.105519480519481], [14.274193548387094, 10.15422077922078], [14.338709677419354, 10.227272727272728], [14.354838709677418, 10.275974025974026], [14.40322580645161, 10.349025974025976], [14.46774193548387, 10.49512987012987], [14.483870967741934, 10.54383116883117], [14.516129032258062, 10.641233766233768], [14.548387096774194, 10.738636363636365], [14.548387096774194, 10.738636363636365], [14.548387096774194, 10.787337662337663], [14.564516129032258, 10.811688311688313], [14.564516129032258, 10.836038961038962], [14.564516129032258, 10.836038961038962], [14.580645161290322, 10.860389610389612], [14.580645161290322, 10.88474025974026], [14.580645161290322, 10.88474025974026], [14.580645161290322, 10.88474025974026], [14.580645161290322, 10.90909090909091], [14.580645161290322, 10.90909090909091]], "x_dot": [[0.0, 0.02435064935064979], [0.0, 0.012175324675324894], [0.024193548387096975, 0.012175324675324894], [0.04838709677419306, 0.0243506493506489], [0.024193548387096087, 0.012175324675324006], [0.04032258064516192, 0.012175324675324894], [0.1935483870967749, 0.07305194805194848], [0.24193548387096708, 0.07305194805194848], [0.19354838709677402, 0.0243506493506489], [0.217741935483871, 0.0243506493506489], [0.36290322580645107, 0.03652597402597468], [0.379032258064516, 0.02435064935064979], [0.36290322580645196, 0.0243506493506489], [0.33064516129032295, 0.0243506493506489], [0.17741935483870996, 0.012175324675324894], [0.17741935483870996, 0.012175324675324894], [0.14516129032258007, 0.0], [0.05645161290322598, 0.0], [0.016129032258064946, -0.012175324675324894], [0.016129032258064058, -0.012175324675324894], [0.032258064516129004, 0.0], [0.04838709677419395, 0.0], [0.04838709677419306, 0.0], [0.10483870967741904, 0.012175324675324894], [0.12903225806451601, 0.02435064935064979], [0.22580645161290303, 0.012175324675324894], [0.20161290322580694, 0.0], [0.10483870967741904, 0.0], [0.16129032258064502, 0.0], [0.22580645161290303, 0.0243506493506489], [0.2258064516129039, 0.04870129870129869], [0.10483870967741993, 0.04870129870129869], [0.04838709677419217, 0.04870129870129869], [0.05645161290322598, 0.060876623376623584], [0.04032258064516192, 0.060876623376622696], [0.032258064516128115, 0.060876623376623584], [0.05645161290322598, 0.10957792207792227], [0.04032258064516192, 0.09740259740259738], [0.024193548387096087, 0.07305194805194848], [0.03225806451612989, 0.09740259740259738], [0.016129032258065834, 0.04870129870129869], [0.0, 0.0243506493506489], [0.008064516129032029, 0.036525974025973795], [0.008064516129032029, 0.02435064935064979], [0.0, 0.012175324675324894], [0.008064516129032029, 0.012175324675324894], [0.008064516129032029, 0.0243506493506489], [0.0, 0.012175324675324006], [0.0, 0.0], [0.0, 0.012175324675324894], [0.0, 0.012175324675324894], [0.0, 0.0]]}